[
  {
    "Product Name":"Dior Sauvage Elixir",
    "Approx. Price":"$200",
    "Scent Description":"Spicy grapefruit & lavender with rich woods; intense and long-lasting.",
    "Longevity":"9\/10",
    "Projection":"9\/10",
    "Scent Type":"Spicy\/Woody\/Fresh",
    "Affiliate Link":"https:\/\/amzn.to\/3ISibXE"
  },
  {
    "Product Name":"Creed Aventus",
    "Approx. Price":"$510",
    "Scent Description":"Pineapple, bergamot, smoky birch; bold and masculine signature scent.",
    "Longevity":"8\/10",
    "Projection":"8\/10",
    "Scent Type":"Fruity\/Woody\/Smoky",
    "Affiliate Link":"https:\/\/amzn.to\/4mh9QuN"
  },
  {
    "Product Name":"Bleu de Chanel",
    "Approx. Price":"$173",
    "Scent Description":"Citrus, ginger, cedar; versatile and elegant woody-aromatic.",
    "Longevity":"7\/10",
    "Projection":"7\/10",
    "Scent Type":"Citrus\/Woody\/Aromatic",
    "Affiliate Link":"https:\/\/amzn.to\/4moVR6l"
  },
  {
    "Product Name":"Tom Ford Oud Wood",
    "Approx. Price":"$250",
    "Scent Description":"Deep oud, spice, vanilla; luxurious oriental woody scent.",
    "Longevity":"9\/10",
    "Projection":"8\/10",
    "Scent Type":"Woody\/Oriental\/Spicy",
    "Affiliate Link":"https:\/\/amzn.to\/4lpx1CF"
  },
  {
    "Product Name":"Baccarat Rouge 540",
    "Approx. Price":"$350",
    "Scent Description":"Amber, saffron, cedar; radiant unisex signature scent.",
    "Longevity":"10\/10",
    "Projection":"8\/10",
    "Scent Type":"Amber\/Floral\/Woody",
    "Affiliate Link":"https:\/\/amzn.to\/4lgEh3G"
  },
  {
    "Product Name":"YSL La Nuit de L\u2019Homme",
    "Approx. Price":"$179",
    "Scent Description":"Cardamom, cedar, lavender; sensual evening wear scent.",
    "Longevity":"7\/10",
    "Projection":"7\/10",
    "Scent Type":"Spicy\/Woody\/Aromatic",
    "Affiliate Link":"https:\/\/amzn.to\/44Us9QO"
  },
  {
    "Product Name":"Armani Acqua di Gi\u00f2 Profumo",
    "Approx. Price":"$110",
    "Scent Description":"Fresh citrus and aquatic notes; classic everyday fragrance.",
    "Longevity":"8\/10",
    "Projection":"7\/10",
    "Scent Type":"Fresh\/Aquatic\/Citrus",
    "Affiliate Link":"https:\/\/amzn.to\/3HeKmPZ"
  },
  {
    "Product Name":"Paco Rabanne 1 Million Parfum",
    "Approx. Price":"$90",
    "Scent Description":"Spicy leather and amber; bold and attention-grabbing.",
    "Longevity":"8\/10",
    "Projection":"9\/10",
    "Scent Type":"Leather\/Amber\/Spicy",
    "Affiliate Link":"https:\/\/amzn.to\/41kmgdp"
  },
  {
    "Product Name":"Versace Eros EDP",
    "Approx. Price":"$78",
    "Scent Description":"Mint, green apple, vanilla; sweet, fresh, and powerful.",
    "Longevity":"8\/10",
    "Projection":"8\/10",
    "Scent Type":"Fresh\/Sweet\/Aromatic",
    "Affiliate Link":"https:\/\/amzn.to\/4ofLiUM"
  },
  {
    "Product Name":"Le Labo Santal 33",
    "Approx. Price":"$240",
    "Scent Description":"Sandalwood, cardamom, iris; iconic unisex woody scent.",
    "Longevity":"9\/10",
    "Projection":"7\/10",
    "Scent Type":"Woody\/Spicy\/Aromatic",
    "Affiliate Link":"https:\/\/amzn.to\/4mmpoO7"
  },
  {
    "Product Name":"Maison Francis Kurkdjian Oud Satin Mood",
    "Approx. Price":"290$",
    "Scent Description":"floral\u2011oud fragrance built around rose, vanilla, benzoin, and violet, underpinned by a soft oud accord",
    "Longevity":"8.5\/10",
    "Projection":"9.5\/10",
    "Scent Type":"Floral\/Sweet\/Oud",
    "Affiliate Link":"https:\/\/amzn.to\/4fihaEf"
  },
  {
    "Product Name":"Byredo Gypsy Water",
    "Approx. Price":"200$",
    "Scent Description":"Fresh woods and citrus with soft, earthy warmth.",
    "Longevity":"6.5\/10",
    "Projection":1759795200000,
    "Scent Type":"Woody\/Spicy\/Aromatic",
    "Affiliate Link":"https:\/\/amzn.to\/458B6op"
  },
  {
    "Product Name":"Amouage Interlude Man",
    "Approx. Price":"380$",
    "Scent Description":"Smoky incense and amber with rich oud and spice.",
    "Longevity":1760054400000,
    "Projection":1760054400000,
    "Scent Type":"Smoky\/Resinous\/Woody",
    "Affiliate Link":"https:\/\/amzn.to\/4l9vUXo"
  },
  {
    "Product Name":"Parfums de Marly Layton",
    "Approx. Price":"290$",
    "Scent Description":"Sweet apple and vanilla with warm spice and woods.",
    "Longevity":1759968000000,
    "Projection":"9.5\/10",
    "Scent Type":"\nSweet\/Spicy\/Fruity",
    "Affiliate Link":"https:\/\/amzn.to\/3U4e4Kv"
  },
  {
    "Product Name":"Initio Parfums Oud for Greatness",
    "Approx. Price":"435$",
    "Scent Description":"Scarcely highlighted by Patchouli and Musk.",
    "Longevity":1759968000000,
    "Projection":"8.5\/10",
    "Scent Type":"Woody\/Spicy\/Aromatic",
    "Affiliate Link":"https:\/\/amzn.to\/4okbqhC"
  },
  {
    "Product Name":"Roja Elysium",
    "Approx. Price":"365$",
    "Scent Description":"A fresh, citrusy scent with aromatic herbs, soft woods, and musky undertones",
    "Longevity":1759795200000,
    "Projection":"6.5\/10",
    "Scent Type":"Fresh\/Citrus\/Aromatic",
    "Affiliate Link":"https:\/\/amzn.to\/4fgELFh"
  },
  {
    "Product Name":"Acqua di Parma Colonia",
    "Approx. Price":"90$",
    "Scent Description":"Classic citrus, light herbs, and clean musky woods.",
    "Longevity":1759622400000,
    "Projection":"8\/10",
    "Scent Type":"Citrus\/Fresh\/Soapy",
    "Affiliate Link":"https:\/\/amzn.to\/4lTXXv4"
  },
  {
    "Product Name":"Prada L'Homme Intense",
    "Approx. Price":"82$",
    "Scent Description":"Powdery iris with amber, leather, and smooth woods.",
    "Longevity":"8\/10",
    "Projection":"8.5\/10",
    "Scent Type":"Powdery\/Amber\/Leather",
    "Affiliate Link":"https:\/\/amzn.to\/4mGfbML"
  },
  {
    "Product Name":"Chanel Egoiste Platinum",
    "Approx. Price":"167$",
    "Scent Description":"Sharp citrus and herbs over mossy, musky woods.",
    "Longevity":"8\/10",
    "Projection":1759795200000,
    "Scent Type":"Fresh\/Green\/Aromatic",
    "Affiliate Link":"https:\/\/amzn.to\/41n6rTc"
  },
  {
    "Product Name":"Herm\u00e8s Terre d\u2019Herm\u00e8s",
    "Approx. Price":"111$",
    "Scent Description":"Earthy orange with dry vetiver and mineral woods.",
    "Longevity":"8\/10",
    "Projection":"8\/10",
    "Scent Type":" Citrus\/Woody\/Earthy",
    "Affiliate Link":"https:\/\/amzn.to\/4m5WFx2"
  },
  {
    "Product Name":"Giorgio Armani Code Profumo",
    "Approx. Price":"110$",
    "Scent Description":"Warm tonka and amber with sweet spice and leather.",
    "Longevity":"9.5\/10",
    "Projection":1759968000000,
    "Scent Type":"Sweet\/Amber\/Spicy",
    "Affiliate Link":"https:\/\/amzn.to\/4fhq2tY"
  },
  {
    "Product Name":"Montblanc Explorer",
    "Approx. Price":"125$",
    "Scent Description":"Fresh bergamot with woody ambroxan and subtle leather.",
    "Longevity":"8\/10",
    "Projection":"6.5\/10",
    "Scent Type":" Fresh\/Woody\/Ambroxan",
    "Affiliate Link":"https:\/\/amzn.to\/459wRcb"
  },
  {
    "Product Name":"Azzaro Wanted by Night",
    "Approx. Price":"135$",
    "Scent Description":"Warm cinnamon and tobacco with sweet woods and spice.",
    "Longevity":"8\/10",
    "Projection":1759968000000,
    "Scent Type":"Sweet\/Spicy\/Woody",
    "Affiliate Link":"https:\/\/amzn.to\/4msl4wV"
  },
  {
    "Product Name":"Mugler A*Men Pure Malt",
    "Approx. Price":"115$",
    "Scent Description":"Boozy whiskey, sweet malt, and smoky vanilla.",
    "Longevity":"8\/10",
    "Projection":"8\/10",
    "Scent Type":"Boozy\/Sweet\/Warm",
    "Affiliate Link":"https:\/\/amzn.to\/4ogidsk"
  },
  {
    "Product Name":"Jean Paul Gaultier Le Male Le Parfum",
    "Approx. Price":"99$",
    "Scent Description":"Sweet vanilla and lavender with warm spice and woods.\n",
    "Longevity":1759968000000,
    "Projection":"9.5\/10",
    "Scent Type":"Sweet\/Spicy\/Amber",
    "Affiliate Link":"https:\/\/amzn.to\/450ly7C"
  },
  {
    "Product Name":"Dolce & Gabbana The One EDP",
    "Approx. Price":"166$",
    "Scent Description":"\nWarm tobacco, sweet amber, and spicy ginger.",
    "Longevity":"8.5\/10",
    "Projection":"7.5\/10",
    "Scent Type":"Warm\/Spicy\/Amber",
    "Affiliate Link":"https:\/\/amzn.to\/4ogSEYi"
  },
  {
    "Product Name":"Bvlgari Man in Black",
    "Approx. Price":"87$",
    "Scent Description":"Spicy rum, leather, and warm amber woods.",
    "Longevity":"8.5\/10",
    "Projection":"8\/10",
    "Scent Type":"Spicy\/Woody\/Amber",
    "Affiliate Link":"https:\/\/amzn.to\/4oh7jmk"
  },
  {
    "Product Name":"Mancera Cedrat Boise",
    "Approx. Price":"190$",
    "Scent Description":"Bright citrus with fruity woods, leather, and musky vanilla.",
    "Longevity":1759968000000,
    "Projection":"8\/10",
    "Scent Type":"Citrus\/Woody\/Fruity",
    "Affiliate Link":"https:\/\/amzn.to\/4fe60QR"
  },
  {
    "Product Name":"Memo Irish Leather",
    "Approx. Price":"340$",
    "Scent Description":"Green juniper and leather with fresh herbs and smoky woods.",
    "Longevity":1759968000000,
    "Projection":"9.5\/10",
    "Scent Type":"Green\/Leathery\/Aromatic",
    "Affiliate Link":"https:\/\/amzn.to\/417CHKf"
  },
  {
    "Product Name":"Diptyque Philosykos",
    "Approx. Price":"105$",
    "Scent Description":"Creamy fig with green leaves and soft woody notes.",
    "Longevity":"6.5\/10",
    "Projection":1759795200000,
    "Scent Type":"Green\/Fruity\/Woody",
    "Affiliate Link":"https:\/\/amzn.to\/454J81u"
  },
  {
    "Product Name":"Creed Green Irish Tweed",
    "Approx. Price":"405$",
    "Scent Description":"Fresh green herbs with violet leaf, iris, and smooth woods.",
    "Longevity":1759968000000,
    "Projection":"8\/10",
    "Scent Type":"Green\/Fresh\/Woody",
    "Affiliate Link":"https:\/\/amzn.to\/40JEPrl"
  },
  {
    "Product Name":"Carolina Herrera Bad Boy",
    "Approx. Price":"87$",
    "Scent Description":"Sweet tonka and cocoa with warm spice and amber woods.",
    "Longevity":1759795200000,
    "Projection":1759795200000,
    "Scent Type":"Sweet\/Spicy\/Warm",
    "Affiliate Link":"https:\/\/amzn.to\/4lSxxK5"
  },
  {
    "Product Name":"Nishane Hacivat",
    "Approx. Price":"165$",
    "Scent Description":"Bright pineapple and citrus with earthy oakmoss, cedar, and patchouli\u2014a bold, fresh\u2011woody chypre.",
    "Longevity":1760054400000,
    "Projection":1760054400000,
    "Scent Type":"Fruity\/Woody\/Mossy",
    "Affiliate Link":"https:\/\/amzn.to\/3H5NVrO"
  },
  {
    "Product Name":"Xerjoff Naxos",
    "Approx. Price":"270$",
    "Scent Description":"Rich honey and tobacco with lavender, cashmere, vanilla, and a bright citrus-lavender opening.",
    "Longevity":"9.5\/10",
    "Projection":1760054400000,
    "Scent Type":" Gourmand\/Woody\/Spicy",
    "Affiliate Link":"https:\/\/amzn.to\/4l7YR5Y"
  },
  {
    "Product Name":"Zara Vibrant Leather",
    "Approx. Price":"64$",
    "Scent Description":"Fruity citrus with light bamboo and subtle suede\u2011like leather dryness.",
    "Longevity":1759536000000,
    "Projection":1759622400000,
    "Scent Type":"Fresh\/Fruity\/Soft\u2011Leather",
    "Affiliate Link":"https:\/\/amzn.to\/47c3pVF"
  },
  {
    "Product Name":"Bentley for Men Intense",
    "Approx. Price":"30$",
    "Scent Description":"Warm rum and leather with rich spices, incense, and a woody sweetness.",
    "Longevity":1759968000000,
    "Projection":"8\/10",
    "Scent Type":" Boozy\/Spicy\/Leathery",
    "Affiliate Link":"https:\/\/amzn.to\/4la6QQ9"
  },
  {
    "Product Name":"Coach for Men",
    "Approx. Price":"85$",
    "Scent Description":"Fresh citrus and pear with spicy cardamom and smooth suede.",
    "Longevity":"6.5\/10",
    "Projection":1759795200000,
    "Scent Type":"Citrus\/Fresh\/Woody",
    "Affiliate Link":"https:\/\/amzn.to\/3UDup8X"
  },
  {
    "Product Name":"Abercrombie & Fitch Fierce",
    "Approx. Price":"76$",
    "Scent Description":"A bold blend of lemon, fir, and musk with subtle floral and woody undertones",
    "Longevity":"8\/10",
    "Projection":1759795200000,
    "Scent Type":"Citrus\/Fresh\/Woody",
    "Affiliate Link":"https:\/\/amzn.to\/44VCIDd"
  },
  {
    "Product Name":"John Varvatos Vintage",
    "Approx. Price":"115$",
    "Scent Description":"A refined blend of tobacco, leather, and aromatic herbs with a touch of sweetness",
    "Longevity":"6.5\/10",
    "Projection":"6.5\/10",
    "Scent Type":"Tobacco\/Leather\/Herbal",
    "Affiliate Link":"https:\/\/amzn.to\/4fhjWcP"
  },
  {
    "Product Name":"Burberry Mr. Burberry EDP",
    "Approx. Price":"165$",
    "Scent Description":"A warm, woody scent with notes of tarragon",
    "Longevity":1759708800000,
    "Projection":1759708800000,
    "Scent Type":"Woody\/Spicy\/Sophisticated",
    "Affiliate Link":"https:\/\/amzn.to\/4ofI8Az"
  },
  {
    "Product Name":"Calvin Klein Eternity Intense",
    "Approx. Price":"124$",
    "Scent Description":"Floral and spicy with rose, jasmine, pepper, and vanilla.",
    "Longevity":1759708800000,
    "Projection":1759708800000,
    "Scent Type":"Floral\/Spicy\/Sweet",
    "Affiliate Link":"https:\/\/amzn.to\/4mrpd49"
  },
  {
    "Product Name":"Hugo Boss Bottled Intense",
    "Approx. Price":"158$",
    "Scent Description":"Rich apple, cinnamon, vanilla with warm woody base.",
    "Longevity":"8\/10",
    "Projection":1759795200000,
    "Scent Type":"Woody\/Spicy\/Sweet",
    "Affiliate Link":"https:\/\/amzn.to\/4mH0cSL"
  },
  {
    "Product Name":"Lacoste Blanc",
    "Approx. Price":"91$",
    "Scent Description":"Fresh grapefruit, cardamom, rosemary, and cedar.",
    "Longevity":1759708800000,
    "Projection":1759622400000,
    "Scent Type":"Citrus\/Fresh\/Floral",
    "Affiliate Link":"https:\/\/amzn.to\/4fi5q4O"
  },
  {
    "Product Name":"Paco Rabanne Invictus",
    "Approx. Price":"80$",
    "Scent Description":"Fresh grapefruit, marine notes, and woody amber.",
    "Longevity":1759708800000,
    "Projection":1759708800000,
    "Scent Type":"Citrus\/Fresh\/Aquatic",
    "Affiliate Link":"https:\/\/amzn.to\/4l49jvi"
  },
  {
    "Product Name":"Ralph Lauren Polo Blue",
    "Approx. Price":"80$",
    "Scent Description":"Crisp aquatic melon and cucumber with herbal basil",
    "Longevity":"8\/10",
    "Projection":1759622400000,
    "Scent Type":" Fresh\/Aquatic\/Green",
    "Affiliate Link":"https:\/\/amzn.to\/4lOg6dM"
  },
  {
    "Product Name":"Versace Dylan Blue",
    "Approx. Price":"48$",
    "Scent Description":"Zesty citrus and fig over ambroxan, incense, musk",
    "Longevity":"8\/10",
    "Projection":"8\/10",
    "Scent Type":"Fresh\/Woody\/Aromatic",
    "Affiliate Link":"https:\/\/amzn.to\/47aN6sa"
  },
  {
    "Product Name":"Givenchy Gentlemen Only",
    "Approx. Price":"50$",
    "Scent Description":"Crisp mandarin and pink pepper over cedar, vetiver",
    "Longevity":1759708800000,
    "Projection":1759622400000,
    "Scent Type":" Woody\/Spicy\/Aromatic",
    "Affiliate Link":"https:\/\/amzn.to\/3JdJPyf"
  },
  {
    "Product Name":"Issey Miyake L'Eau d'Issey Pour Homme",
    "Approx. Price":"95$",
    "Scent Description":"Invigorating yuzu and citrus with aquatic florals, grounded in sandalwood, amber, and musk",
    "Longevity":1759795200000,
    "Projection":1759708800000,
    "Scent Type":"Citrus\/Aquatic\/Woody",
    "Affiliate Link":"https:\/\/amzn.to\/4lbvGz8"
  },
  {
    "Product Name":"Kenzo Homme EDP",
    "Approx. Price":"59$",
    "Scent Description":"Salty-sea marine top with leather and patchouli depth.",
    "Longevity":1759968000000,
    "Projection":"8\/10",
    "Scent Type":"Aquatic\/Marine\/Woody",
    "Affiliate Link":"https:\/\/amzn.to\/41mDwi5"
  },
  {
    "Product Name":"Maison Margiela Jazz Club",
    "Approx. Price":"94$",
    "Scent Description":"Boozy rum, tobacco, vanilla, pink pepper, neroli and warm sweet woo",
    "Longevity":1759795200000,
    "Projection":"8\/10",
    "Scent Type":"Spicy\/Boozy\/Tobacco",
    "Affiliate Link":"https:\/\/amzn.to\/4l2ZJJ5"
  }
]